{"val accuracy": 0.78125, "_runtime": 33.035630226135254, "train accuracy": 0.7631579041481018, "_timestamp": 1588691716.509494, "train loss": 0.4999157253064607, "_step": 999, "val loss": 0.46382909221574664}
