{"_timestamp": 1587138798.9659789, "val accuracy": 0.78125, "train accuracy": 0.7631579041481018, "train loss": 0.5840991400182247, "_step": 999, "_runtime": 31.981500387191772, "val loss": 0.48359006457030773}
