{"train loss": 0.2083956810816283, "_step": 999, "_runtime": 45.30578136444092, "val loss": 0.2118781962043916, "val accuracy": 0.9166666865348816, "_timestamp": 1589148317.616415, "train accuracy": 0.9295774698257446}
