{"_runtime": 32.8756320476532, "val loss": 0.7741889767348766, "_timestamp": 1587741099.0530593, "val accuracy": 0.75, "train accuracy": 0.75, "train loss": 0.44537764689639997, "_step": 999}
