{"_step": 999, "_timestamp": 1587743618.2802525, "_runtime": 33.17014241218567, "val accuracy": 0.8125, "val loss": 0.4848521566018462, "train accuracy": 0.7368420958518982, "train loss": 0.5369321817630216}
