{"train loss": 0.524807441195375, "_runtime": 32.16581130027771, "val loss": 0.5197182055562735, "_timestamp": 1587741419.7969024, "_step": 999, "val accuracy": 0.75, "train accuracy": 0.7631579041481018}
