{"val loss": 0.5558302123099566, "train loss": 0.5593081720565495, "val accuracy": 0.75, "train accuracy": 0.7894737124443054, "_step": 999, "_runtime": 32.21965408325195, "_timestamp": 1587740881.6686335}
