{"_timestamp": 1588692014.7573924, "_step": 999, "val accuracy": 0.84375, "val loss": 0.3721862118691206, "train accuracy": 0.8026315569877625, "_runtime": 33.10220718383789, "train loss": 0.42927819392398786}
