{"val accuracy": 0.8380281925201416, "_timestamp": 1589213061.8204067, "train loss": 0.2772229149704799, "_step": 999, "train accuracy": 0.893750011920929, "val loss": 0.35435347526635924, "_runtime": 100.17585897445679}
