{"val accuracy": 0.78125, "_step": 999, "_runtime": 33.90152144432068, "val loss": 0.40336351469159126, "train loss": 0.41501177102327347, "_timestamp": 1588691774.10759, "train accuracy": 0.7894737124443054}
