{"_timestamp": 1589208774.8980064, "train accuracy": 0.8799999952316284, "_step": 999, "val accuracy": 0.8999999761581421, "train loss": 0.30126552720864613, "val loss": 0.27018783792853357, "_runtime": 135.35056519508362}
