{"_runtime": 98.6902084350586, "_step": 999, "train accuracy": 0.8793103694915771, "train loss": 0.28957744752024783, "val accuracy": 0.8541666865348816, "val loss": 0.3856905888921271, "_timestamp": 1589211790.8894336}
