{"_timestamp": 1587740375.3750062, "train loss": 0.4459094034115735, "_runtime": 32.4080171585083, "train accuracy": 0.7894737124443054, "_step": 999, "val loss": 0.8950323116732761, "val accuracy": 0.78125}
