{"_runtime": 33.167924642562866, "train accuracy": 0.7368420958518982, "val accuracy": 0.8125, "_timestamp": 1587741996.8596718, "train loss": 0.5369321817630216, "val loss": 0.4848521566018462, "_step": 999}
