{"train accuracy": 0.7631579041481018, "val loss": 0.49503127858042717, "_step": 999, "val accuracy": 0.8125, "train loss": 0.545625765072672, "_runtime": 41.94746017456055, "_timestamp": 1587741610.2215843}
