{"val accuracy": 0.8999999761581421, "train accuracy": 0.8866666555404663, "_step": 999, "val loss": 0.26020398423075675, "_runtime": 51.57152080535889, "train loss": 0.3008972710867723, "_timestamp": 1589148738.696544}
