{"val loss": 0.741751603782177, "val accuracy": 0.6875, "train loss": 0.4757919133101639, "_timestamp": 1587138897.1714616, "_runtime": 29.928672790527344, "train accuracy": 0.8421052694320679, "_step": 879}
