{"train accuracy": 0.7631579041481018, "val accuracy": 0.8125, "train loss": 0.4713150519681604, "_timestamp": 1588691959.6518915, "_step": 999, "_runtime": 32.658817291259766, "val loss": 0.450607318431139}
