{"train loss": 0.42927819392398786, "val accuracy": 0.84375, "_runtime": 35.67660927772522, "train accuracy": 0.8026315569877625, "_timestamp": 1588694267.2792943, "val loss": 0.3721862118691206, "_step": 999}
