{"_runtime": 32.33615779876709, "val accuracy": 0.71875, "_timestamp": 1587740960.3514092, "val loss": 0.6693741865456104, "train accuracy": 0.8289473652839661, "train loss": 0.502885786326308, "_step": 999}
