{"train loss": 0.5037984146099341, "train accuracy": 0.75, "val accuracy": 0.78125, "_timestamp": 1588691197.3127341, "val loss": 0.46206474769860506, "_step": 999, "_runtime": 34.37777352333069}
