{"val accuracy": 0.46875, "train loss": 0.6926884572756918, "_timestamp": 1587138968.2498364, "_runtime": 31.507433652877808, "val loss": 0.6958296298980713, "_step": 999, "train accuracy": 0.5263158082962036}
