{"_step": 999, "_runtime": 35.949084520339966, "val accuracy": 0.8125, "_timestamp": 1588694325.5522392, "train accuracy": 0.8026315569877625, "val loss": 0.37387851858511567, "train loss": 0.4263221933751514}
