{"val loss": 0.3783243438228965, "_runtime": 37.06358027458191, "val accuracy": 0.875, "train accuracy": 0.8421052694320679, "_step": 999, "train loss": 0.3722504588138116, "_timestamp": 1589146878.6404889}
