{"train loss": 0.4713150519681604, "val accuracy": 0.8125, "train accuracy": 0.7631579041481018, "_step": 999, "val loss": 0.450607318431139, "_runtime": 33.68545150756836, "_timestamp": 1588691851.2557175}
