{"train accuracy": 0.7368420958518982, "_timestamp": 1587742083.9834404, "train loss": 0.5369321817630216, "_runtime": 33.53085422515869, "val loss": 0.4848521566018462, "_step": 999, "val accuracy": 0.8125}
