{"val accuracy": 0.8999999761581421, "train loss": 0.3008972710867723, "_step": 999, "val loss": 0.26020398423075675, "_timestamp": 1589205873.5770411, "train accuracy": 0.8866666555404663, "_runtime": 64.28515434265137}
