{"_timestamp": 1587741002.4147694, "_runtime": 32.3207688331604, "train loss": 0.5587202247820402, "_step": 999, "val loss": 0.5723955444991589, "val accuracy": 0.75, "train accuracy": 0.7894737124443054}
