{"_step": 999, "_timestamp": 1587740675.658735, "train accuracy": 0.8026315569877625, "train loss": 0.5460183553789791, "_runtime": 32.517125606536865, "val accuracy": 0.71875, "val loss": 0.6153444852679968}
